Header1,Header2,Header3,Header4
"Text in column 1, row 2.","Text in column 2, row 2.","Text in column 3, row 2.","
Multiline text is here.
It is in column 4, row 2.
"
"Text in column 1, row 3.","Text in column 2, row 3.","Text in column 3, row 3.","
Multiline text is here.
It is in column 4, row 3.
"
"Text in column 1, row 4.","Text in column 2, row 4.","Text in column 3, row 4.","
Multiline text is here.
It is in column 4, row 4.
"
"Text in column 1, row 5.","Text in column 2, row 5.","Text in column 3, row 5.","
Multiline text is here.
It is in column 4, row 5."
